e_J1,e_J2,e_J3,Xo,X2,S1,S2,v_J1,v_J2,v_J3
6.4,8.7,5.5,5.0,1.0,8.606933466282783,1.0115118443062328,2.025714625063694,2.0257146250636926,2.025714625063694
6.4,8.7,5.5,5.0,1.0,8.606933466282783,1.0115118443062328,2.025714625063694,2.0257146250636926,2.025714625063694
6.4,8.7,5.5,5.0,1.0,8.606933466282783,1.0115118443062328,2.025714625063694,2.0257146250636926,2.025714625063694
6.4,8.7,5.5,5.0,1.0,8.606933466282783,1.0115118443062328,2.025714625063694,2.0257146250636926,2.025714625063694
6.4,8.7,5.5,5.0,1.0,8.606933466282783,1.0115118443062328,2.025714625063694,2.0257146250636926,2.025714625063694
6.4,8.7,5.5,5.0,1.0,8.606933466282783,1.0115118443062328,2.025714625063694,2.0257146250636926,2.025714625063694
