e_J1,e_J2,e_J3,Xo,X2,S1,S2,v_J1,v_J2,v_J3
6.4,8.7,5.5,5,1,8.606933466,1.011511844,2.025714625,2.025714625,2.025714625
9.6,8.7,5.5,5,1,10.82068079,1.14232565,2.225592832,2.225592832,2.225592832
6.4,13.05,5.5,5,1,7.470805304,1.230807538,2.348239013,2.348239013,2.348239013
6.4,8.7,8.25,5,1,7.692611349,0.74001708,2.282559904,2.282559904,2.282559904
